{"1": {"passive": {"loss": 0.5037321314132118, "accuracy": 0.7652413035638176}, "active": {"loss": 0.5972734340421215, "accuracy": 0.6740516704370348}}, "2": {"passive": {"loss": 0.503063392132635, "accuracy": 0.7652413035638176}, "active": {"loss": 0.6000784938403659, "accuracy": 0.6464624110684896}}, "3": {"passive": {"loss": 0.5071166019659191, "accuracy": 0.7652413035638176}, "active": {"loss": 0.5407266039945412, "accuracy": 0.7567046982066161}}, "4": {"passive": {"loss": 0.4951590422368324, "accuracy": 0.7657289924920494}, "active": {"loss": 0.5519642766579375, "accuracy": 0.7219107570243598}}, "5": {"passive": {"loss": 0.49950040860596784, "accuracy": 0.7652454017901053}, "active": {"loss": 0.6534125225914724, "accuracy": 0.59848857414511}}, "6": {"passive": {"loss": 0.4939184563108587, "accuracy": 0.7652413035638176}, "active": {"loss": 0.5636980107978017, "accuracy": 0.7233369397724665}}, "7": {"passive": {"loss": 0.49762803947514017, "accuracy": 0.7652413035638176}, "active": {"loss": 0.5425107251862644, "accuracy": 0.754872791056031}}, "8": {"passive": {"loss": 0.48944504220916935, "accuracy": 0.7668314153634307}, "active": {"loss": 0.5080709764126586, "accuracy": 0.7652413035638176}}, "9": {"passive": {"loss": 0.49348759025062705, "accuracy": 0.7652413035638176}, "active": {"loss": 0.6914939936651667, "accuracy": 0.5425068030556375}}, "10": {"passive": {"loss": 0.49357223623303337, "accuracy": 0.7653109734107079}, "active": {"loss": 0.5581700158140307, "accuracy": 0.7498852496639454}}}