{"1": {"passive": {"loss": 0.5075718892925641, "accuracy": 0.7652413035638176}, "active": {"loss": 0.5539635067036737, "accuracy": 0.7294064129044949}}, "2": {"passive": {"loss": 0.5127160597705813, "accuracy": 0.7652413035638176}, "active": {"loss": 0.5465910937730525, "accuracy": 0.7174150027867938}}, "3": {"passive": {"loss": 0.5158951467523606, "accuracy": 0.7652413035638176}, "active": {"loss": 0.5924452992447994, "accuracy": 0.7174150027867938}}, "4": {"passive": {"loss": 0.5111307665885955, "accuracy": 0.7652413035638176}, "active": {"loss": 0.5878916335478754, "accuracy": 0.7532498934461165}}, "5": {"passive": {"loss": 0.513512956670478, "accuracy": 0.7652413035638176}, "active": {"loss": 0.6003211216435527, "accuracy": 0.7294064129044949}}, "6": {"passive": {"loss": 0.5139460559438624, "accuracy": 0.7652413035638176}, "active": {"loss": 0.630047493960239, "accuracy": 0.7071817317465001}}, "7": {"passive": {"loss": 0.5141221195872676, "accuracy": 0.7652413035638176}, "active": {"loss": 0.5560597734628577, "accuracy": 0.7652413035638176}}, "8": {"passive": {"loss": 0.5097749900874151, "accuracy": 0.7652413035638176}, "active": {"loss": 0.5991961585275892, "accuracy": 0.7294064129044949}}, "9": {"passive": {"loss": 0.507847438979972, "accuracy": 0.7652413035638176}, "active": {"loss": 0.5638841599199617, "accuracy": 0.7652413035638176}}, "10": {"passive": {"loss": 0.5081695259479198, "accuracy": 0.7652413035638176}, "active": {"loss": 0.5785759649786073, "accuracy": 0.6965714238877414}}}