{"0": {"passive": {"loss": 0.7111818567424019, "accuracy": 0.44183797252549095, "hamming_loss": 0.558162027474509, "precision": 0.46579620340316713, "recall": 0.46872918726037527, "f1_score": 0.43792932729822776}, "active": {"loss": 0.7111818567424019, "accuracy": 0.44183797252549095, "hamming_loss": 0.558162027474509, "precision": 0.46579620340316713, "recall": 0.46872918726037527, "f1_score": 0.43792932729822776}}, "1": {"passive": {"loss": 0.6423512017280171, "accuracy": 0.6572243532998918, "hamming_loss": 0.3427756467001082, "precision": 0.660495616068794, "recall": 0.6141257273715073, "f1_score": 0.605841994431607}, "active": {"loss": 0.606685490972632, "accuracy": 0.6377864660175077, "hamming_loss": 0.3622135339824924, "precision": 0.6488763764888295, "recall": 0.6512338245419274, "f1_score": 0.63750783716088}}, "2": {"passive": {"loss": 0.9481519945042786, "accuracy": 0.6660273433657913, "hamming_loss": 0.3339726566342087, "precision": 0.6732285124141129, "recall": 0.6231798753448243, "f1_score": 0.6159645601413262}}, "3": {"passive": {"loss": 0.7161544300033196, "accuracy": 0.5833661191436347, "hamming_loss": 0.4166338808563654, "precision": 0.7034310309825685, "recall": 0.5001166027788951, "f1_score": 0.36869032865196527}, "active": {"loss": 0.5991834796400118, "accuracy": 0.6834366086357825, "hamming_loss": 0.3165633913642176, "precision": 0.6751377004032655, "recall": 0.6601196000991929, "f1_score": 0.6623427137024145}}, "4": {"passive": {"loss": 0.7119516669279286, "accuracy": 0.5832759581653061, "hamming_loss": 0.41672404183469397, "precision": 0.29163797908265304, "recall": 0.5, "f1_score": 0.3683981653085947}}, "5": {"passive": {"loss": 0.6486089531388315, "accuracy": 0.6306842398609882, "hamming_loss": 0.36931576013901185, "precision": 0.66684493951018, "recall": 0.5677946424288006, "f1_score": 0.524727060499152}, "active": {"loss": 0.6325995523200059, "accuracy": 0.6396101767155176, "hamming_loss": 0.3603898232844825, "precision": 0.6507238492180585, "recall": 0.6531102695297402, "f1_score": 0.6393330327445534}}, "6": {"passive": {"loss": 0.7315598547230009, "accuracy": 0.5832759581653061, "hamming_loss": 0.41672404183469397, "precision": 0.29163797908265304, "recall": 0.5, "f1_score": 0.3683981653085947}}, "7": {"passive": {"loss": 0.6614545392722779, "accuracy": 0.6306842398609882, "hamming_loss": 0.36931576013901185, "precision": 0.66684493951018, "recall": 0.5677946424288006, "f1_score": 0.524727060499152}, "active": {"loss": 0.5829589699671732, "accuracy": 0.6040867512540572, "hamming_loss": 0.39591324874594275, "precision": 0.5856599347761122, "recall": 0.5778824006778048, "f1_score": 0.5768784467555363}}, "8": {"passive": {"loss": 0.654440088798318, "accuracy": 0.6306842398609882, "hamming_loss": 0.36931576013901185, "precision": 0.66684493951018, "recall": 0.5677946424288006, "f1_score": 0.524727060499152}, "active": {"loss": 0.601628343768442, "accuracy": 0.6434297236156191, "hamming_loss": 0.3565702763843808, "precision": 0.6535720058582692, "recall": 0.6562960316550119, "f1_score": 0.6430629322156913}}, "9": {"passive": {"loss": 0.6447767593685453, "accuracy": 0.6306842398609882, "hamming_loss": 0.36931576013901185, "precision": 0.66684493951018, "recall": 0.5677946424288006, "f1_score": 0.524727060499152}, "active": {"loss": 0.6413144145120242, "accuracy": 0.6396101767155176, "hamming_loss": 0.3603898232844825, "precision": 0.6507238492180585, "recall": 0.6531102695297402, "f1_score": 0.6393330327445534}}, "10": {"passive": {"loss": 0.6280007180860874, "accuracy": 0.6306842398609882, "hamming_loss": 0.36931576013901185, "precision": 0.66684493951018, "recall": 0.5677946424288006, "f1_score": 0.524727060499152}, "active": {"loss": 0.7706282619319859, "accuracy": 0.6396101767155176, "hamming_loss": 0.3603898232844825, "precision": 0.6507238492180585, "recall": 0.6531102695297402, "f1_score": 0.6393330327445534}}, "11": {"passive": {"loss": 0.647239921437002, "accuracy": 0.6306842398609882, "hamming_loss": 0.36931576013901185, "precision": 0.66684493951018, "recall": 0.5677946424288006, "f1_score": 0.524727060499152}, "active": {"loss": 0.6723268294482148, "accuracy": 0.6396101767155176, "hamming_loss": 0.3603898232844825, "precision": 0.6507238492180585, "recall": 0.6531102695297402, "f1_score": 0.6393330327445534}}, "12": {"passive": {"loss": 0.6678991601965919, "accuracy": 0.6307088292187142, "hamming_loss": 0.36929117078128587, "precision": 0.6668632951792892, "recall": 0.5678283578460205, "f1_score": 0.5247871041401324}, "active": {"loss": 0.5743883301213485, "accuracy": 0.6531138323333662, "hamming_loss": 0.3468861676666339, "precision": 0.6606120024075857, "recall": 0.6641833081454939, "f1_score": 0.6524360954915752}}, "13": {"passive": {"loss": 0.6883960227482295, "accuracy": 0.6306842398609882, "hamming_loss": 0.36931576013901185, "precision": 0.66684493951018, "recall": 0.5677946424288006, "f1_score": 0.524727060499152}}, "14": {"passive": {"loss": 0.650003198537548, "accuracy": 0.6306842398609882, "hamming_loss": 0.36931576013901185, "precision": 0.66684493951018, "recall": 0.5677946424288006, "f1_score": 0.524727060499152}, "active": {"loss": 0.5979027679164207, "accuracy": 0.6746336185698829, "hamming_loss": 0.32536638143011704, "precision": 0.6652343365791286, "recall": 0.6510654521258759, "f1_score": 0.6529531449207975}}, "15": {"passive": {"loss": 0.6584373962636471, "accuracy": 0.6222705812924166, "hamming_loss": 0.37772941870758336, "precision": 0.6388610693825849, "recall": 0.5608826995618567, "f1_score": 0.5197695357699421}, "active": {"loss": 0.6134279216767483, "accuracy": 0.5932592374020524, "hamming_loss": 0.4067407625979476, "precision": 0.603784698874472, "recall": 0.6054298722135522, "f1_score": 0.5929455227592944}}, "16": {"passive": {"loss": 0.6942614490354825, "accuracy": 0.6306842398609882, "hamming_loss": 0.36931576013901185, "precision": 0.66684493951018, "recall": 0.5677946424288006, "f1_score": 0.524727060499152}, "active": {"loss": 0.5939532944360431, "accuracy": 0.6398150880299006, "hamming_loss": 0.36018491197009933, "precision": 0.6508751345112624, "recall": 0.6532803087421775, "f1_score": 0.639533327330042}}, "17": {"passive": {"loss": 0.7284007946204633, "accuracy": 0.6306842398609882, "hamming_loss": 0.36931576013901185, "precision": 0.66684493951018, "recall": 0.5677946424288006, "f1_score": 0.524727060499152}, "active": {"loss": 0.7149992104510917, "accuracy": 0.5285482443198584, "hamming_loss": 0.47145175568014164, "precision": 0.5297888681367058, "recall": 0.5306320451210176, "f1_score": 0.5258189981937581}}, "18": {"passive": {"loss": 0.7156250864469608, "accuracy": 0.6306842398609882, "hamming_loss": 0.36931576013901185, "precision": 0.66684493951018, "recall": 0.5677946424288006, "f1_score": 0.524727060499152}}, "19": {"passive": {"loss": 0.6232266846783712, "accuracy": 0.6667486311924199, "hamming_loss": 0.3332513688075801, "precision": 0.674622260062366, "recall": 0.6237349991103031, "f1_score": 0.616446256431328}, "active": {"loss": 0.5776249043320301, "accuracy": 0.6995221468148586, "hamming_loss": 0.3004778531851415, "precision": 0.6910058340851895, "recall": 0.6819034120369278, "f1_score": 0.6843329623626467}}, "20": {"passive": {"loss": 0.6765889527699912, "accuracy": 0.6306842398609882, "hamming_loss": 0.36931576013901185, "precision": 0.66684493951018, "recall": 0.5677946424288006, "f1_score": 0.524727060499152}, "active": {"loss": 0.5653119755551047, "accuracy": 0.6931616996164061, "hamming_loss": 0.306838300383594, "precision": 0.6852719289707658, "recall": 0.6717993351865769, "f1_score": 0.6743823651715175}}, "21": {"passive": {"loss": 0.6978847293172765, "accuracy": 0.6306842398609882, "hamming_loss": 0.36931576013901185, "precision": 0.66684493951018, "recall": 0.5677946424288006, "f1_score": 0.524727060499152}}, "22": {"passive": {"loss": 0.6027649772241074, "accuracy": 0.6306842398609882, "hamming_loss": 0.36931576013901185, "precision": 0.66684493951018,