{"1": {"passive": {"loss": 0.5746339835681618, "accuracy": 0.7099767220746861}, "active": {"loss": 0.5728095204614193, "accuracy": 0.7099439362643848}}, "2": {"passive": {"loss": 0.5759240603791679, "accuracy": 0.6925674568046949}, "active": {"loss": 0.5765804809678371, "accuracy": 0.714181502245828}}, "3": {"passive": {"loss": 0.5676699604879758, "accuracy": 0.6660396380446543}, "active": {"loss": 0.5804749165498673, "accuracy": 0.714181502245828}}, "4": {"passive": {"loss": 0.601773718740779, "accuracy": 0.6660273433657913}, "active": {"loss": 0.6613155037437297, "accuracy": 0.6788383987410249}}, "5": {"passive": {"loss": 0.6037681942036737, "accuracy": 0.6660273433657913}, "active": {"loss": 0.6934315582122308, "accuracy": 0.6259999672141897}}, "6": {"passive": {"loss": 0.6207940672027147, "accuracy": 0.6660273433657913}, "active": {"loss": 0.7951451963152848, "accuracy": 0.5918412511065211}}, "7": {"passive": {"loss": 0.6050228277607701, "accuracy": 0.6660273433657913}, "active": {"loss": 0.5924200135087784, "accuracy": 0.6788383987410249}}, "8": {"passive": {"loss": 0.5681065896789245, "accuracy": 0.6925674568046949}, "active": {"loss": 0.6238979453286367, "accuracy": 0.6796867315825711}}, "9": {"passive": {"loss": 0.5658666768866185, "accuracy": 0.6925674568046949}, "active": {"loss": 0.5389963680750222, "accuracy": 0.7100218025638504}}, "10": {"passive": {"loss": 0.5867352613695043, "accuracy": 0.6925674568046949}, "active": {"loss": 0.6468367904433461, "accuracy": 0.6788383987410249}}}