{"1": {"passive": {"loss": 0.5441366484398052, "accuracy": 0.714181502245828}, "active": {"loss": 0.584641227823473, "accuracy": 0.6692485492278941}}, "2": {"passive": {"loss": 0.585664327604013, "accuracy": 0.6967968263335629}, "active": {"loss": 0.5649009202567129, "accuracy": 0.6967722369758369}}, "3": {"passive": {"loss": 0.5613908854935085, "accuracy": 0.7099767220746861}, "active": {"loss": 0.6391788864248303, "accuracy": 0.5610635716861743}}, "4": {"passive": {"loss": 0.5623045578295589, "accuracy": 0.714181502245828}, "active": {"loss": 0.6246922488197109, "accuracy": 0.5980787515163437}}, "5": {"passive": {"loss": 0.5583610635973001, "accuracy": 0.7099767220746861}, "active": {"loss": 0.5904030618360874, "accuracy": 0.6967722369758369}}, "6": {"passive": {"loss": 0.5724295140297654, "accuracy": 0.6982516966656831}, "active": {"loss": 0.6157606929127324, "accuracy": 0.6264056916166683}}, "7": {"passive": {"loss": 0.572389748427818, "accuracy": 0.6930551457329268}, "active": {"loss": 0.6086338613897905, "accuracy": 0.6140454411330776}}, "8": {"passive": {"loss": 0.5749130631731336, "accuracy": 0.6925674568046949}, "active": {"loss": 0.6039020429145766, "accuracy": 0.6667732205501459}}, "9": {"passive": {"loss": 0.5659524034560343, "accuracy": 0.6660273433657913}, "active": {"loss": 0.5679414039447477, "accuracy": 0.6709083308743976}}, "10": {"passive": {"loss": 0.5677849349457804, "accuracy": 0.6925674568046949}, "active": {"loss": 0.7184511816723222, "accuracy": 0.5610635716861743}}, "11": {"passive": {"loss": 0.5533044927061818, "accuracy": 0.6925674568046949}, "active": {"loss": 0.5875833060545146, "accuracy": 0.6493721517327301}}, "12": {"passive": {"loss": 0.5571838000700796, "accuracy": 0.6925674568046949}, "active": {"loss": 0.6233478545016967, "accuracy": 0.6493352676961411}}, "13": {"passive": {"loss": 0.5460973375488714, "accuracy": 0.6925674568046949}, "active": {"loss": 0.5474616867069932, "accuracy": 0.714181502245828}}, "14": {"passive": {"loss": 0.5802448235559899, "accuracy": 0.6896577161404545}, "active": {"loss": 0.6784624024878283, "accuracy": 0.45675961443887086}}, "15": {"passive": {"loss": 0.5688176879702714, "accuracy": 0.6696173895937838}, "active": {"loss": 0.5623129864082325, "accuracy": 0.6967722369758369}}}